id,name,model_id:id,group_id:id,perm_read,perm_write,perm_create,perm_unlink
access_hse_observation,hse.observation,model_hse_observation,,1,1,1,1
access_hse_investigation_line,hse.investigation.line,model_hse_investigation_line,,1,1,1,1
access_hse_root_cause,hse.root.cause,model_hse_root_cause,,1,1,1,1
access_hse_analysis,hse.analysis,model_hse_analysis,,1,1,1,1
access_hse_classification,hse.classification,model_hse_classification,,1,1,1,1
access_hse_risk,hse.risk,model_hse_risk,,1,1,1,1
access_wiz_activity,access_wiz_activity,model_wiz_activity,,1,1,1,1